date,product,sales,stock_level,vendor,lead_time_days,unit_price,reorder_point,reorder_qty,promotion
2025-01-01,Running Shoes,14,239,Vendor_C,7,2200,189,0,False
2025-01-02,Running Shoes,18,221,Vendor_C,7,2200,189,0,False
2025-01-03,Running Shoes,29,192,Vendor_C,7,2200,189,0,True
2025-01-04,Running Shoes,26,348,Vendor_C,7,2200,189,182,False
2025-01-05,Running Shoes,35,313,Vendor_C,7,2200,189,0,True
2025-01-06,Running Shoes,16,297,Vendor_C,7,2200,189,0,False
2025-01-07,Running Shoes,10,287,Vendor_C,7,2200,189,0,False
2025-01-08,Running Shoes,20,267,Vendor_C,7,2200,189,0,False
2025-01-09,Running Shoes,16,251,Vendor_C,7,2200,189,0,False
2025-01-10,Running Shoes,15,236,Vendor_C,7,2200,189,0,False
2025-01-11,Running Shoes,21,215,Vendor_C,7,2200,189,0,False
2025-01-12,Running Shoes,25,190,Vendor_C,7,2200,189,0,False
2025-01-13,Running Shoes,18,414,Vendor_C,7,2200,189,242,False
2025-01-14,Running Shoes,16,398,Vendor_C,7,2200,189,0,False
2025-01-15,Running Shoes,27,371,Vendor_C,7,2200,189,0,True
2025-01-16,Running Shoes,21,350,Vendor_C,7,2200,189,0,False
2025-01-17,Running Shoes,15,335,Vendor_C,7,2200,189,0,False
2025-01-18,Running Shoes,23,312,Vendor_C,7,2200,189,0,False
2025-01-19,Running Shoes,37,275,Vendor_C,7,2200,189,0,True
2025-01-20,Running Shoes,19,256,Vendor_C,7,2200,189,0,False
2025-01-21,Running Shoes,26,230,Vendor_C,7,2200,189,0,False
2025-01-22,Running Shoes,21,209,Vendor_C,7,2200,189,0,False
2025-01-23,Running Shoes,18,191,Vendor_C,7,2200,189,0,False
2025-01-24,Running Shoes,20,398,Vendor_C,7,2200,189,227,False
2025-01-25,Running Shoes,20,378,Vendor_C,7,2200,189,0,False
2025-01-26,Running Shoes,19,359,Vendor_C,7,2200,189,0,False
2025-01-27,Running Shoes,14,345,Vendor_C,7,2200,189,0,False
2025-01-28,Running Shoes,15,330,Vendor_C,7,2200,189,0,False
2025-01-29,Running Shoes,20,310,Vendor_C,7,2200,189,0,False
2025-01-30,Running Shoes,21,289,Vendor_C,7,2200,189,0,False
2025-01-31,Running Shoes,17,272,Vendor_C,7,2200,189,0,False
2025-02-01,Running Shoes,22,250,Vendor_C,7,2200,189,0,False
2025-02-02,Running Shoes,19,231,Vendor_C,7,2200,189,0,False
2025-02-03,Running Shoes,32,199,Vendor_C,7,2200,189,0,True
2025-02-04,Running Shoes,22,397,Vendor_C,7,2200,189,220,False
2025-02-05,Running Shoes,15,382,Vendor_C,7,2200,189,0,False
2025-02-06,Running Shoes,15,367,Vendor_C,7,2200,189,0,False
2025-02-07,Running Shoes,18,349,Vendor_C,7,2200,189,0,False
2025-02-08,Running Shoes,28,321,Vendor_C,7,2200,189,0,False
2025-02-09,Running Shoes,25,296,Vendor_C,7,2200,189,0,False
2025-02-10,Running Shoes,17,279,Vendor_C,7,2200,189,0,False
2025-02-11,Running Shoes,18,261,Vendor_C,7,2200,189,0,False
2025-02-12,Running Shoes,25,236,Vendor_C,7,2200,189,0,True
2025-02-13,Running Shoes,21,215,Vendor_C,7,2200,189,0,False
2025-02-14,Running Shoes,17,198,Vendor_C,7,2200,189,0,False
2025-02-15,Running Shoes,19,424,Vendor_C,7,2200,189,245,False
2025-02-16,Running Shoes,23,401,Vendor_C,7,2200,189,0,False
2025-02-17,Running Shoes,17,384,Vendor_C,7,2200,189,0,False
2025-02-18,Running Shoes,20,364,Vendor_C,7,2200,189,0,False
2025-02-19,Running Shoes,22,342,Vendor_C,7,2200,189,0,False
2025-02-20,Running Shoes,22,320,Vendor_C,7,2200,189,0,False
2025-02-21,Running Shoes,19,301,Vendor_C,7,2200,189,0,False
2025-02-22,Running Shoes,23,278,Vendor_C,7,2200,189,0,False
2025-02-23,Running Shoes,23,255,Vendor_C,7,2200,189,0,False
2025-02-24,Running Shoes,10,245,Vendor_C,7,2200,189,0,False
2025-02-25,Running Shoes,19,226,Vendor_C,7,2200,189,0,False
2025-02-26,Running Shoes,20,206,Vendor_C,7,2200,189,0,False
2025-02-27,Running Shoes,18,358,Vendor_C,7,2200,189,170,False
2025-02-28,Running Shoes,16,342,Vendor_C,7,2200,189,0,False
2025-03-01,Running Shoes,28,314,Vendor_C,7,2200,189,0,False
2025-03-02,Running Shoes,24,290,Vendor_C,7,2200,189,0,False
2025-03-03,Running Shoes,13,277,Vendor_C,7,2200,189,0,False
2025-03-04,Running Shoes,19,258,Vendor_C,7,2200,189,0,False
2025-03-05,Running Shoes,17,241,Vendor_C,7,2200,189,0,False
2025-03-06,Running Shoes,31,210,Vendor_C,7,2200,189,0,True
2025-03-07,Running Shoes,18,192,Vendor_C,7,2200,189,0,False
2025-03-08,Running Shoes,25,342,Vendor_C,7,2200,189,175,False
2025-03-09,Running Shoes,24,318,Vendor_C,7,2200,189,0,False
2025-03-10,Running Shoes,16,302,Vendor_C,7,2200,189,0,False
2025-03-11,Running Shoes,21,281,Vendor_C,7,2200,189,0,False
2025-03-12,Running Shoes,23,258,Vendor_C,7,2200,189,0,False
2025-03-13,Running Shoes,23,235,Vendor_C,7,2200,189,0,False
2025-03-14,Running Shoes,17,218,Vendor_C,7,2200,189,0,False
2025-03-15,Running Shoes,27,191,Vendor_C,7,2200,189,0,False
2025-03-16,Running Shoes,44,341,Vendor_C,7,2200,189,194,True
2025-03-17,Running Shoes,33,308,Vendor_C,7,2200,189,0,True
2025-03-18,Running Shoes,21,287,Vendor_C,7,2200,189,0,False
2025-03-19,Running Shoes,15,272,Vendor_C,7,2200,189,0,False
2025-03-20,Running Shoes,21,251,Vendor_C,7,2200,189,0,False
2025-03-21,Running Shoes,18,233,Vendor_C,7,2200,189,0,False
2025-03-22,Running Shoes,23,210,Vendor_C,7,2200,189,0,False
2025-03-23,Running Shoes,26,315,Vendor_C,7,2200,189,131,False
2025-03-24,Running Shoes,23,292,Vendor_C,7,2200,189,0,False
2025-03-25,Running Shoes,26,266,Vendor_C,7,2200,189,0,False
2025-03-26,Running Shoes,14,252,Vendor_C,7,2200,189,0,False
2025-03-27,Running Shoes,22,230,Vendor_C,7,2200,189,0,False
2025-03-28,Running Shoes,21,209,Vendor_C,7,2200,189,0,False
2025-03-29,Running Shoes,28,364,Vendor_C,7,2200,189,183,False
2025-03-30,Running Shoes,25,339,Vendor_C,7,2200,189,0,False
2025-03-31,Running Shoes,33,306,Vendor_C,7,2200,189,0,True
2025-04-01,Running Shoes,19,287,Vendor_C,7,2200,189,0,False
2025-04-02,Running Shoes,15,272,Vendor_C,7,2200,189,0,False
2025-04-03,Running Shoes,21,251,Vendor_C,7,2200,189,0,False
2025-04-04,Running Shoes,16,235,Vendor_C,7,2200,189,0,False
2025-04-05,Running Shoes,27,208,Vendor_C,7,2200,189,0,False
2025-04-06,Running Shoes,29,301,Vendor_C,7,2200,189,122,False
2025-04-07,Running Shoes,16,285,Vendor_C,7,2200,189,0,False
2025-04-08,Running Shoes,19,266,Vendor_C,7,2200,189,0,False
2025-04-09,Running Shoes,22,244,Vendor_C,7,2200,189,0,False
2025-04-10,Running Shoes,18,226,Vendor_C,7,2200,189,0,False
2025-04-11,Running Shoes,27,199,Vendor_C,7,2200,189,0,False
2025-04-12,Running Shoes,25,295,Vendor_C,7,2200,189,121,False
2025-04-13,Running Shoes,22,273,Vendor_C,7,2200,189,0,False
2025-04-14,Running Shoes,34,239,Vendor_C,7,2200,189,0,True
2025-04-15,Running Shoes,19,220,Vendor_C,7,2200,189,0,False
2025-04-16,Running Shoes,21,199,Vendor_C,7,2200,189,0,False
2025-04-17,Running Shoes,18,408,Vendor_C,7,2200,189,227,False
2025-04-18,Running Shoes,21,387,Vendor_C,7,2200,189,0,False
2025-04-19,Running Shoes,22,365,Vendor_C,7,2200,189,0,False
2025-04-20,Running Shoes,23,342,Vendor_C,7,2200,189,0,False
2025-04-21,Running Shoes,21,321,Vendor_C,7,2200,189,0,False
2025-04-22,Running Shoes,24,297,Vendor_C,7,2200,189,0,False
2025-04-23,Running Shoes,22,275,Vendor_C,7,2200,189,0,False
2025-04-24,Running Shoes,19,256,Vendor_C,7,2200,189,0,False
2025-04-25,Running Shoes,16,240,Vendor_C,7,2200,189,0,False
2025-04-26,Running Shoes,29,211,Vendor_C,7,2200,189,0,False
2025-04-27,Running Shoes,26,369,Vendor_C,7,2200,189,184,False
2025-04-28,Running Shoes,20,349,Vendor_C,7,2200,189,0,False
2025-04-29,Running Shoes,24,325,Vendor_C,7,2200,189,0,False
2025-04-30,Running Shoes,19,306,Vendor_C,7,2200,189,0,False
2025-05-01,Running Shoes,20,286,Vendor_C,7,2200,189,0,False
2025-05-02,Running Shoes,20,266,Vendor_C,7,2200,189,0,False
2025-05-03,Running Shoes,26,240,Vendor_C,7,2200,189,0,False
2025-05-04,Running Shoes,38,202,Vendor_C,7,2200,189,0,True
2025-05-05,Running Shoes,14,406,Vendor_C,7,2200,189,218,False
2025-05-06,Running Shoes,20,386,Vendor_C,7,2200,189,0,False
2025-05-07,Running Shoes,29,357,Vendor_C,7,2200,189,0,True
2025-05-08,Running Shoes,18,339,Vendor_C,7,2200,189,0,False
2025-05-09,Running Shoes,21,318,Vendor_C,7,2200,189,0,False
2025-05-10,Running Shoes,22,296,Vendor_C,7,2200,189,0,False
2025-05-11,Running Shoes,48,248,Vendor_C,7,2200,189,0,True
2025-05-12,Running Shoes,25,223,Vendor_C,7,2200,189,0,False
2025-05-13,Running Shoes,19,204,Vendor_C,7,2200,189,0,False
2025-05-14,Running Shoes,21,394,Vendor_C,7,2200,189,211,False
2025-05-15,Running Shoes,18,376,Vendor_C,7,2200,189,0,False
2025-05-16,Running Shoes,26,350,Vendor_C,7,2200,189,0,True
2025-05-17,Running Shoes,39,311,Vendor_C,7,2200,189,0,True
2025-05-18,Running Shoes,31,280,Vendor_C,7,2200,189,0,False
2025-05-19,Running Shoes,20,260,Vendor_C,7,2200,189,0,False
2025-05-20,Running Shoes,15,245,Vendor_C,7,2200,189,0,False
2025-05-21,Running Shoes,21,224,Vendor_C,7,2200,189,0,False
2025-05-22,Running Shoes,25,199,Vendor_C,7,2200,189,0,False
2025-05-23,Running Shoes,17,320,Vendor_C,7,2200,189,138,False
2025-05-24,Running Shoes,22,298,Vendor_C,7,2200,189,0,False
2025-05-25,Running Shoes,41,257,Vendor_C,7,2200,189,0,True
2025-05-26,Running Shoes,25,232,Vendor_C,7,2200,189,0,False
2025-05-27,Running Shoes,16,216,Vendor_C,7,2200,189,0,False
2025-05-28,Running Shoes,19,197,Vendor_C,7,2200,189,0,False
2025-05-29,Running Shoes,24,321,Vendor_C,7,2200,189,148,False
2025-05-30,Running Shoes,36,285,Vendor_C,7,2200,189,0,True
2025-05-31,Running Shoes,26,259,Vendor_C,7,2200,189,0,False
2025-06-01,Running Shoes,33,226,Vendor_C,7,2200,189,0,False
2025-06-02,Running Shoes,19,207,Vendor_C,7,2200,189,0,False
2025-06-03,Running Shoes,20,359,Vendor_C,7,2200,189,172,False
2025-06-04,Running Shoes,14,345,Vendor_C,7,2200,189,0,False
2025-06-05,Running Shoes,24,321,Vendor_C,7,2200,189,0,False
2025-06-06,Running Shoes,22,299,Vendor_C,7,2200,189,0,False
2025-06-07,Running Shoes,26,273,Vendor_C,7,2200,189,0,False
2025-06-08,Running Shoes,24,249,Vendor_C,7,2200,189,0,False
2025-06-09,Running Shoes,20,229,Vendor_C,7,2200,189,0,False
2025-06-10,Running Shoes,18,211,Vendor_C,7,2200,189,0,False
2025-06-11,Running Shoes,19,192,Vendor_C,7,2200,189,0,False
2025-06-12,Running Shoes,21,337,Vendor_C,7,2200,189,166,False
2025-06-13,Running Shoes,22,315,Vendor_C,7,2200,189,0,False
2025-06-14,Running Shoes,28,287,Vendor_C,7,2200,189,0,False
2025-06-15,Running Shoes,24,263,Vendor_C,7,2200,189,0,False
2025-06-16,Running Shoes,15,248,Vendor_C,7,2200,189,0,False
2025-06-17,Running Shoes,16,232,Vendor_C,7,2200,189,0,False
2025-06-18,Running Shoes,25,207,Vendor_C,7,2200,189,0,False
2025-06-19,Running Shoes,19,412,Vendor_C,7,2200,189,224,False
2025-06-20,Running Shoes,20,392,Vendor_C,7,2200,189,0,False
2025-06-21,Running Shoes,29,363,Vendor_C,7,2200,189,0,False
2025-06-22,Running Shoes,25,338,Vendor_C,7,2200,189,0,False
2025-06-23,Running Shoes,35,303,Vendor_C,7,2200,189,0,True
2025-06-24,Running Shoes,19,284,Vendor_C,7,2200,189,0,False
2025-06-25,Running Shoes,18,266,Vendor_C,7,2200,189,0,False
2025-06-26,Running Shoes,26,240,Vendor_C,7,2200,189,0,False
2025-06-27,Running Shoes,23,217,Vendor_C,7,2200,189,0,False
2025-06-28,Running Shoes,30,381,Vendor_C,7,2200,189,194,False
2025-06-29,Running Shoes,23,358,Vendor_C,7,2200,189,0,False
2025-06-30,Running Shoes,18,340,Vendor_C,7,2200,189,0,False
2025-07-01,Running Shoes,20,320,Vendor_C,7,2200,189,0,False
2025-07-02,Running Shoes,19,301,Vendor_C,7,2200,189,0,False
2025-07-03,Running Shoes,23,278,Vendor_C,7,2200,189,0,False
2025-07-04,Running Shoes,22,256,Vendor_C,7,2200,189,0,False
2025-07-05,Running Shoes,31,225,Vendor_C,7,2200,189,0,False
2025-07-06,Running Shoes,25,200,Vendor_C,7,2200,189,0,False
2025-07-07,Running Shoes,21,421,Vendor_C,7,2200,189,242,False
2025-07-08,Running Shoes,24,397,Vendor_C,7,2200,189,0,False
2025-07-09,Running Shoes,19,378,Vendor_C,7,2200,189,0,False
2025-07-10,Running Shoes,18,360,Vendor_C,7,2200,189,0,False
2025-07-11,Running Shoes,24,336,Vendor_C,7,2200,189,0,False
2025-07-12,Running Shoes,20,316,Vendor_C,7,2200,189,0,False
2025-07-13,Running Shoes,31,285,Vendor_C,7,2200,189,0,False
2025-07-14,Running Shoes,19,266,Vendor_C,7,2200,189,0,False
2025-07-15,Running Shoes,20,246,Vendor_C,7,2200,189,0,False
2025-07-16,Running Shoes,37,209,Vendor_C,7,2200,189,0,True
2025-07-17,Running Shoes,23,341,Vendor_C,7,2200,189,155,False
2025-07-18,Running Shoes,16,325,Vendor_C,7,2200,189,0,False
2025-07-19,Running Shoes,24,301,Vendor_C,7,2200,189,0,False
2025-07-20,Running Shoes,27,274,Vendor_C,7,2200,189,0,False
2025-07-21,Running Shoes,23,251,Vendor_C,7,2200,189,0,False
2025-07-22,Running Shoes,35,216,Vendor_C,7,2200,189,0,True
2025-07-23,Running Shoes,21,195,Vendor_C,7,2200,189,0,False
2025-07-24,Running Shoes,19,334,Vendor_C,7,2200,189,158,False
2025-07-25,Running Shoes,26,308,Vendor_C,7,2200,189,0,False
2025-07-26,Running Shoes,27,281,Vendor_C,7,2200,189,0,False
2025-07-27,Running Shoes,30,251,Vendor_C,7,2200,189,0,False
2025-07-28,Running Shoes,20,231,Vendor_C,7,2200,189,0,False
2025-07-29,Running Shoes,17,214,Vendor_C,7,2200,189,0,False
2025-07-30,Running Shoes,15,199,Vendor_C,7,2200,189,0,False
2025-07-31,Running Shoes,22,356,Vendor_C,7,2200,189,179,False
2025-08-01,Running Shoes,23,333,Vendor_C,7,2200,189,0,False
2025-08-02,Running Shoes,31,302,Vendor_C,7,2200,189,0,False
2025-08-03,Running Shoes,27,275,Vendor_C,7,2200,189,0,False
2025-08-04,Running Shoes,20,255,Vendor_C,7,2200,189,0,False
2025-08-05,Running Shoes,22,233,Vendor_C,7,2200,189,0,False
2025-08-06,Running Shoes,17,216,Vendor_C,7,2200,189,0,False
2025-08-07,Running Shoes,22,194,Vendor_C,7,2200,189,0,False
2025-08-08,Running Shoes,22,299,Vendor_C,7,2200,189,127,False
2025-08-09,Running Shoes,27,272,Vendor_C,7,2200,189,0,False
2025-08-10,Running Shoes,27,245,Vendor_C,7,2200,189,0,False
2025-08-11,Running Shoes,25,220,Vendor_C,7,2200,189,0,False
2025-08-12,Running Shoes,22,198,Vendor_C,7,2200,189,0,False
2025-08-13,Running Shoes,20,316,Vendor_C,7,2200,189,138,False
2025-08-14,Running Shoes,16,300,Vendor_C,7,2200,189,0,False
2025-08-15,Running Shoes,17,283,Vendor_C,7,2200,189,0,False
2025-08-16,Running Shoes,29,254,Vendor_C,7,2200,189,0,False
2025-08-17,Running Shoes,25,229,Vendor_C,7,2200,189,0,False
2025-08-18,Running Shoes,20,209,Vendor_C,7,2200,189,0,False
2025-08-19,Running Shoes,21,390,Vendor_C,7,2200,189,202,False
2025-08-20,Running Shoes,26,364,Vendor_C,7,2200,189,0,False
2025-08-21,Running Shoes,24,340,Vendor_C,7,2200,189,0,False
2025-08-22,Running Shoes,21,319,Vendor_C,7,2200,189,0,False
2025-08-23,Running Shoes,32,287,Vendor_C,7,2200,189,0,False
2025-08-24,Running Shoes,30,257,Vendor_C,7,2200,189,0,False
2025-08-25,Running Shoes,16,241,Vendor_C,7,2200,189,0,False
2025-08-26,Running Shoes,25,216,Vendor_C,7,2200,189,0,False
2025-08-27,Running Shoes,22,194,Vendor_C,7,2200,189,0,False
2025-08-28,Running Shoes,15,352,Vendor_C,7,2200,189,173,False
2025-08-29,Running Shoes,24,328,Vendor_C,7,2200,189,0,False
2025-08-30,Running Shoes,29,299,Vendor_C,7,2200,189,0,False
2025-08-31,Running Shoes,28,271,Vendor_C,7,2200,189,0,False
2025-09-01,Running Shoes,23,248,Vendor_C,7,2200,189,0,False
2025-09-02,Running Shoes,21,227,Vendor_C,7,2200,189,0,False
2025-09-03,Running Shoes,22,205,Vendor_C,7,2200,189,0,False
2025-09-04,Running Shoes,21,434,Vendor_C,7,2200,189,250,False
2025-09-05,Running Shoes,21,413,Vendor_C,7,2200,189,0,False
2025-09-06,Running Shoes,24,389,Vendor_C,7,2200,189,0,False
2025-09-07,Running Shoes,29,360,Vendor_C,7,2200,189,0,False
2025-09-08,Running Shoes,27,333,Vendor_C,7,2200,189,0,False
2025-09-09,Running Shoes,20,313,Vendor_C,7,2200,189,0,False
2025-09-10,Running Shoes,19,294,Vendor_C,7,2200,189,0,False
2025-09-11,Running Shoes,20,274,Vendor_C,7,2200,189,0,False
2025-09-12,Running Shoes,17,257,Vendor_C,7,2200,189,0,False
2025-09-13,Running Shoes,27,230,Vendor_C,7,2200,189,0,False
2025-09-14,Running Shoes,28,202,Vendor_C,7,2200,189,0,False
2025-09-15,Running Shoes,21,399,Vendor_C,7,2200,189,218,False
2025-09-16,Running Shoes,24,375,Vendor_C,7,2200,189,0,False
2025-09-17,Running Shoes,19,356,Vendor_C,7,2200,189,0,False
2025-09-18,Running Shoes,20,336,Vendor_C,7,2200,189,0,False
2025-09-19,Running Shoes,18,318,Vendor_C,7,2200,189,0,False
2025-09-20,Running Shoes,26,292,Vendor_C,7,2200,189,0,False
2025-09-21,Running Shoes,21,271,Vendor_C,7,2200,189,0,False
2025-09-22,Running Shoes,37,234,Vendor_C,7,2200,189,0,True
2025-09-23,Running Shoes,18,216,Vendor_C,7,2200,189,0,False
2025-09-24,Running Shoes,19,197,Vendor_C,7,2200,189,0,False
2025-09-25,Running Shoes,22,327,Vendor_C,7,2200,189,152,False
2025-09-26,Running Shoes,19,308,Vendor_C,7,2200,189,0,False
2025-09-27,Running Shoes,25,283,Vendor_C,7,2200,189,0,False
2025-09-28,Running Shoes,42,241,Vendor_C,7,2200,189,0,True
2025-09-29,Running Shoes,20,221,Vendor_C,7,2200,189,0,False
2025-09-30,Running Shoes,22,199,Vendor_C,7,2200,189,0,False
2025-10-01,Running Shoes,33,305,Vendor_C,7,2200,189,139,False
2025-10-02,Running Shoes,28,277,Vendor_C,7,2200,189,0,False
2025-10-03,Running Shoes,30,247,Vendor_C,7,2200,189,0,False
2025-10-04,Running Shoes,38,209,Vendor_C,7,2200,189,0,False
2025-10-05,Running Shoes,44,295,Vendor_C,7,2200,189,130,False
2025-10-06,Running Shoes,35,260,Vendor_C,7,2200,189,0,False
2025-10-07,Running Shoes,27,233,Vendor_C,7,2200,189,0,False
2025-10-08,Running Shoes,31,202,Vendor_C,7,2200,189,0,False
2025-10-09,Running Shoes,31,380,Vendor_C,7,2200,189,209,False
2025-10-10,Running Shoes,29,351,Vendor_C,7,2200,189,0,False
2025-10-11,Running Shoes,38,313,Vendor_C,7,2200,189,0,False
2025-10-12,Running Shoes,37,276,Vendor_C,7,2200,189,0,False
2025-10-13,Running Shoes,29,247,Vendor_C,7,2200,189,0,False
2025-10-14,Running Shoes,23,224,Vendor_C,7,2200,189,0,False
2025-10-15,Running Shoes,33,191,Vendor_C,7,2200,189,0,False
2025-10-16,Running Shoes,32,390,Vendor_C,7,2200,189,231,False
2025-10-17,Running Shoes,30,360,Vendor_C,7,2200,189,0,False
2025-10-18,Running Shoes,38,322,Vendor_C,7,2200,189,0,False
2025-10-19,Running Shoes,38,284,Vendor_C,7,2200,189,0,False
2025-10-20,Running Shoes,37,247,Vendor_C,7,2200,189,0,False
2025-10-21,Running Shoes,36,211,Vendor_C,7,2200,189,0,False
2025-10-22,Running Shoes,29,378,Vendor_C,7,2200,189,196,False
2025-10-23,Running Shoes,28,350,Vendor_C,7,2200,189,0,False
2025-10-24,Running Shoes,29,321,Vendor_C,7,2200,189,0,False
2025-10-25,Running Shoes,39,282,Vendor_C,7,2200,189,0,False
2025-10-26,Running Shoes,37,245,Vendor_C,7,2200,189,0,False
2025-10-27,Running Shoes,32,213,Vendor_C,7,2200,189,0,False
2025-10-28,Running Shoes,30,338,Vendor_C,7,2200,189,155,False
2025-10-29,Running Shoes,30,308,Vendor_C,7,2200,189,0,False
2025-10-30,Running Shoes,48,260,Vendor_C,7,2200,189,0,True
2025-10-31,Running Shoes,33,227,Vendor_C,7,2200,189,0,False
2025-11-01,Running Shoes,38,379,Vendor_C,7,2200,189,190,False
2025-11-02,Running Shoes,48,331,Vendor_C,7,2200,189,0,False
2025-11-03,Running Shoes,32,299,Vendor_C,7,2200,189,0,False
2025-11-04,Running Shoes,31,268,Vendor_C,7,2200,189,0,False
2025-11-05,Running Shoes,51,217,Vendor_C,7,2200,189,0,True
2025-11-06,Running Shoes,36,353,Vendor_C,7,2200,189,172,False
2025-11-07,Running Shoes,29,324,Vendor_C,7,2200,189,0,False
2025-11-08,Running Shoes,42,282,Vendor_C,7,2200,189,0,False
2025-11-09,Running Shoes,42,240,Vendor_C,7,2200,189,0,False
2025-11-10,Running Shoes,34,206,Vendor_C,7,2200,189,0,False
2025-11-11,Running Shoes,30,369,Vendor_C,7,2200,189,193,False
2025-11-12,Running Shoes,34,335,Vendor_C,7,2200,189,0,False
2025-11-13,Running Shoes,29,306,Vendor_C,7,2200,189,0,False
2025-11-14,Running Shoes,25,281,Vendor_C,7,2200,189,0,False
2025-11-15,Running Shoes,36,245,Vendor_C,7,2200,189,0,False
2025-11-16,Running Shoes,41,204,Vendor_C,7,2200,189,0,False
2025-11-17,Running Shoes,34,400,Vendor_C,7,2200,189,230,False
2025-11-18,Running Shoes,32,368,Vendor_C,7,2200,189,0,False
2025-11-19,Running Shoes,32,336,Vendor_C,7,2200,189,0,False
2025-11-20,Running Shoes,33,303,Vendor_C,7,2200,189,0,False
2025-11-21,Running Shoes,33,270,Vendor_C,7,2200,189,0,False
2025-11-22,Running Shoes,45,225,Vendor_C,7,2200,189,0,False
2025-11-23,Running Shoes,40,316,Vendor_C,7,2200,189,131,False
2025-11-24,Running Shoes,33,283,Vendor_C,7,2200,189,0,False
2025-11-25,Running Shoes,36,247,Vendor_C,7,2200,189,0,False
2025-11-26,Running Shoes,33,214,Vendor_C,7,2200,189,0,False
2025-11-27,Running Shoes,35,315,Vendor_C,7,2200,189,136,False
2025-11-28,Running Shoes,30,285,Vendor_C,7,2200,189,0,False
2025-11-29,Running Shoes,44,241,Vendor_C,7,2200,189,0,False
2025-11-30,Running Shoes,44,197,Vendor_C,7,2200,189,0,False
2025-12-01,Running Shoes,27,395,Vendor_C,7,2200,189,225,False
2025-12-02,Running Shoes,32,363,Vendor_C,7,2200,189,0,False
2025-12-03,Running Shoes,32,331,Vendor_C,7,2200,189,0,False
2025-12-04,Running Shoes,34,297,Vendor_C,7,2200,189,0,False
2025-12-05,Running Shoes,32,265,Vendor_C,7,2200,189,0,False
2025-12-06,Running Shoes,49,216,Vendor_C,7,2200,189,0,False
2025-12-07,Running Shoes,72,342,Vendor_C,7,2200,189,198,True
2025-12-08,Running Shoes,34,308,Vendor_C,7,2200,189,0,False
2025-12-09,Running Shoes,33,275,Vendor_C,7,2200,189,0,False
2025-12-10,Running Shoes,28,247,Vendor_C,7,2200,189,0,False
2025-12-11,Running Shoes,32,215,Vendor_C,7,2200,189,0,False
2025-12-12,Running Shoes,32,398,Vendor_C,7,2200,189,215,False
2025-12-13,Running Shoes,49,349,Vendor_C,7,2200,189,0,False
2025-12-14,Running Shoes,43,306,Vendor_C,7,2200,189,0,False
2025-12-15,Running Shoes,55,251,Vendor_C,7,2200,189,0,True
2025-12-16,Running Shoes,50,201,Vendor_C,7,2200,189,0,True
2025-12-17,Running Shoes,35,337,Vendor_C,7,2200,189,171,False
2025-12-18,Running Shoes,25,312,Vendor_C,7,2200,189,0,False
2025-12-19,Running Shoes,36,276,Vendor_C,7,2200,189,0,False
2025-12-20,Running Shoes,39,237,Vendor_C,7,2200,189,0,False
2025-12-21,Running Shoes,38,199,Vendor_C,7,2200,189,0,False
2025-12-22,Running Shoes,32,343,Vendor_C,7,2200,189,176,False
2025-12-23,Running Shoes,34,309,Vendor_C,7,2200,189,0,False
2025-12-24,Running Shoes,32,277,Vendor_C,7,2200,189,0,False
2025-12-25,Running Shoes,29,248,Vendor_C,7,2200,189,0,False
2025-12-26,Running Shoes,34,214,Vendor_C,7,2200,189,0,False
2025-12-27,Running Shoes,40,365,Vendor_C,7,2200,189,191,False
2025-12-28,Running Shoes,41,324,Vendor_C,7,2200,189,0,False
2025-12-29,Running Shoes,30,294,Vendor_C,7,2200,189,0,False
2025-12-30,Running Shoes,33,261,Vendor_C,7,2200,189,0,False
2025-12-31,Running Shoes,32,229,Vendor_C,7,2200,189,0,False
2025-01-01,Casual Sneakers,25,273,Vendor_B,5,1800,187,0,False
2025-01-02,Casual Sneakers,47,226,Vendor_B,5,1800,187,0,True
2025-01-03,Casual Sneakers,36,190,Vendor_B,5,1800,187,0,True
2025-01-04,Casual Sneakers,36,377,Vendor_B,5,1800,187,223,False
2025-01-05,Casual Sneakers,24,353,Vendor_B,5,1800,187,0,False
2025-01-06,Casual Sneakers,21,332,Vendor_B,5,1800,187,0,False
2025-01-07,Casual Sneakers,25,307,Vendor_B,5,1800,187,0,False
2025-01-08,Casual Sneakers,24,283,Vendor_B,5,1800,187,0,False
2025-01-09,Casual Sneakers,26,257,Vendor_B,5,1800,187,0,False
2025-01-10,Casual Sneakers,24,233,Vendor_B,5,1800,187,0,False
2025-01-11,Casual Sneakers,32,201,Vendor_B,5,1800,187,0,False
2025-01-12,Casual Sneakers,32,295,Vendor_B,5,1800,187,126,False
2025-01-13,Casual Sneakers,25,270,Vendor_B,5,1800,187,0,False
2025-01-14,Casual Sneakers,25,245,Vendor_B,5,1800,187,0,False
2025-01-15,Casual Sneakers,24,221,Vendor_B,5,1800,187,0,False
2025-01-16,Casual Sneakers,24,197,Vendor_B,5,1800,187,0,False
2025-01-17,Casual Sneakers,24,380,Vendor_B,5,1800,187,207,False
2025-01-18,Casual Sneakers,33,347,Vendor_B,5,1800,187,0,False
2025-01-19,Casual Sneakers,33,314,Vendor_B,5,1800,187,0,False
2025-01-20,Casual Sneakers,23,291,Vendor_B,5,1800,187,0,False
2025-01-21,Casual Sneakers,22,269,Vendor_B,5,1800,187,0,False
2025-01-22,Casual Sneakers,35,234,Vendor_B,5,1800,187,0,True
2025-01-23,Casual Sneakers,30,204,Vendor_B,5,1800,187,0,False
2025-01-24,Casual Sneakers,21,396,Vendor_B,5,1800,187,213,False
2025-01-25,Casual Sneakers,30,366,Vendor_B,5,1800,187,0,False
2025-01-26,Casual Sneakers,35,331,Vendor_B,5,1800,187,0,False
2025-01-27,Casual Sneakers,21,310,Vendor_B,5,1800,187,0,False
2025-01-28,Casual Sneakers,20,290,Vendor_B,5,1800,187,0,False
2025-01-29,Casual Sneakers,23,267,Vendor_B,5,1800,187,0,False
2025-01-30,Casual Sneakers,28,239,Vendor_B,5,1800,187,0,False
2025-01-31,Casual Sneakers,25,214,Vendor_B,5,1800,187,0,False
2025-02-01,Casual Sneakers,39,387,Vendor_B,5,1800,187,212,False
2025-02-02,Casual Sneakers,35,352,Vendor_B,5,1800,187,0,False
2025-02-03,Casual Sneakers,21,331,Vendor_B,5,1800,187,0,False
2025-02-04,Casual Sneakers,26,305,Vendor_B,5,1800,187,0,False
2025-02-05,Casual Sneakers,36,269,Vendor_B,5,1800,187,0,True
2025-02-06,Casual Sneakers,27,242,Vendor_B,5,1800,187,0,False
2025-02-07,Casual Sneakers,24,218,Vendor_B,5,1800,187,0,False
2025-02-08,Casual Sneakers,55,323,Vendor_B,5,1800,187,160,True
2025-02-09,Casual Sneakers,38,285,Vendor_B,5,1800,187,0,False
2025-02-10,Casual Sneakers,30,255,Vendor_B,5,1800,187,0,False
2025-02-11,Casual Sneakers,25,230,Vendor_B,5,1800,187,0,False
2025-02-12,Casual Sneakers,28,202,Vendor_B,5,1800,187,0,False
2025-02-13,Casual Sneakers,24,356,Vendor_B,5,1800,187,178,False
2025-02-14,Casual Sneakers,26,330,Vendor_B,5,1800,187,0,False
2025-02-15,Casual Sneakers,29,301,Vendor_B,5,1800,187,0,False
2025-02-16,Casual Sneakers,31,270,Vendor_B,5,1800,187,0,False
2025-02-17,Casual Sneakers,27,243,Vendor_B,5,1800,187,0,False
2025-02-18,Casual Sneakers,20,223,Vendor_B,5,1800,187,0,False
2025-02-19,Casual Sneakers,26,197,Vendor_B,5,1800,187,0,False
2025-02-20,Casual Sneakers,26,413,Vendor_B,5,1800,187,242,False
2025-02-21,Casual Sneakers,43,370,Vendor_B,5,1800,187,0,True
2025-02-22,Casual Sneakers,49,321,Vendor_B,5,1800,187,0,True
2025-02-23,Casual Sneakers,28,293,Vendor_B,5,1800,187,0,False
2025-02-24,Casual Sneakers,29,264,Vendor_B,5,1800,187,0,False
2025-02-25,Casual Sneakers,26,238,Vendor_B,5,1800,187,0,False
2025-02-26,Casual Sneakers,25,213,Vendor_B,5,1800,187,0,False
2025-02-27,Casual Sneakers,21,192,Vendor_B,5,1800,187,0,False
2025-02-28,Casual Sneakers,24,378,Vendor_B,5,1800,187,210,False
2025-03-01,Casual Sneakers,30,348,Vendor_B,5,1800,187,0,False
2025-03-02,Casual Sneakers,36,312,Vendor_B,5,1800,187,0,False
2025-03-03,Casual Sneakers,22,290,Vendor_B,5,1800,187,0,False
2025-03-04,Casual Sneakers,25,265,Vendor_B,5,1800,187,0,False
2025-03-05,Casual Sneakers,28,237,Vendor_B,5,1800,187,0,False
2025-03-06,Casual Sneakers,28,209,Vendor_B,5,1800,187,0,False
2025-03-07,Casual Sneakers,24,430,Vendor_B,5,1800,187,245,False
2025-03-08,Casual Sneakers,36,394,Vendor_B,5,1800,187,0,False
2025-03-09,Casual Sneakers,36,358,Vendor_B,5,1800,187,0,False
2025-03-10,Casual Sneakers,42,316,Vendor_B,5,1800,187,0,True
2025-03-11,Casual Sneakers,27,289,Vendor_B,5,1800,187,0,False
2025-03-12,Casual Sneakers,25,264,Vendor_B,5,1800,187,0,False
2025-03-13,Casual Sneakers,29,235,Vendor_B,5,1800,187,0,False
2025-03-14,Casual Sneakers,26,209,Vendor_B,5,1800,187,0,False
2025-03-15,Casual Sneakers,30,426,Vendor_B,5,1800,187,247,False
2025-03-16,Casual Sneakers,35,391,Vendor_B,5,1800,187,0,False
2025-03-17,Casual Sneakers,39,352,Vendor_B,5,1800,187,0,True
2025-03-18,Casual Sneakers,30,322,Vendor_B,5,1800,187,0,False
2025-03-19,Casual Sneakers,43,279,Vendor_B,5,1800,187,0,True
2025-03-20,Casual Sneakers,20,259,Vendor_B,5,1800,187,0,False
2025-03-21,Casual Sneakers,29,230,Vendor_B,5,1800,187,0,False
2025-03-22,Casual Sneakers,35,195,Vendor_B,5,1800,187,0,False
2025-03-23,Casual Sneakers,36,298,Vendor_B,5,1800,187,139,False
2025-03-24,Casual Sneakers,26,272,Vendor_B,5,1800,187,0,False
2025-03-25,Casual Sneakers,30,242,Vendor_B,5,1800,187,0,False
2025-03-26,Casual Sneakers,24,218,Vendor_B,5,1800,187,0,False
2025-03-27,Casual Sneakers,29,189,Vendor_B,5,1800,187,0,False
2025-03-28,Casual Sneakers,27,332,Vendor_B,5,1800,187,170,False
2025-03-29,Casual Sneakers,29,303,Vendor_B,5,1800,187,0,False
2025-03-30,Casual Sneakers,29,274,Vendor_B,5,1800,187,0,False
2025-03-31,Casual Sneakers,25,249,Vendor_B,5,1800,187,0,False
2025-04-01,Casual Sneakers,24,225,Vendor_B,5,1800,187,0,False
2025-04-02,Casual Sneakers,21,204,Vendor_B,5,1800,187,0,False
2025-04-03,Casual Sneakers,23,339,Vendor_B,5,1800,187,158,False
2025-04-04,Casual Sneakers,26,313,Vendor_B,5,1800,187,0,False
2025-04-05,Casual Sneakers,32,281,Vendor_B,5,1800,187,0,False
2025-04-06,Casual Sneakers,41,240,Vendor_B,5,1800,187,0,False
2025-04-07,Casual Sneakers,24,216,Vendor_B,5,1800,187,0,False
2025-04-08,Casual Sneakers,30,384,Vendor_B,5,1800,187,198,False
2025-04-09,Casual Sneakers,31,353,Vendor_B,5,1800,187,0,False
2025-04-10,Casual Sneakers,25,328,Vendor_B,5,1800,187,0,False
2025-04-11,Casual Sneakers,25,303,Vendor_B,5,1800,187,0,False
2025-04-12,Casual Sneakers,33,270,Vendor_B,5,1800,187,0,False
2025-04-13,Casual Sneakers,34,236,Vendor_B,5,1800,187,0,False
2025-04-14,Casual Sneakers,25,211,Vendor_B,5,1800,187,0,False
2025-04-15,Casual Sneakers,23,188,Vendor_B,5,1800,187,0,False
2025-04-16,Casual Sneakers,28,407,Vendor_B,5,1800,187,247,False
2025-04-17,Casual Sneakers,26,381,Vendor_B,5,1800,187,0,False
2025-04-18,Casual Sneakers,34,347,Vendor_B,5,1800,187,0,False
2025-04-19,Casual Sneakers,38,309,Vendor_B,5,1800,187,0,False
2025-04-20,Casual Sneakers,34,275,Vendor_B,5,1800,187,0,False
2025-04-21,Casual Sneakers,29,246,Vendor_B,5,1800,187,0,False
2025-04-22,Casual Sneakers,28,218,Vendor_B,5,1800,187,0,False
2025-04-23,Casual Sneakers,30,188,Vendor_B,5,1800,187,0,False
2025-04-24,Casual Sneakers,22,409,Vendor_B,5,1800,187,243,False
2025-04-25,Casual Sneakers,23,386,Vendor_B,5,1800,187,0,False
2025-04-26,Casual Sneakers,33,353,Vendor_B,5,1800,187,0,False
2025-04-27,Casual Sneakers,35,318,Vendor_B,5,1800,187,0,False
2025-04-28,Casual Sneakers,16,302,Vendor_B,5,1800,187,0,False
2025-04-29,Casual Sneakers,24,278,Vendor_B,5,1800,187,0,False
2025-04-30,Casual Sneakers,31,247,Vendor_B,5,1800,187,0,False
2025-05-01,Casual Sneakers,24,223,Vendor_B,5,1800,187,0,False
2025-05-02,Casual Sneakers,28,195,Vendor_B,5,1800,187,0,False
2025-05-03,Casual Sneakers,36,284,Vendor_B,5,1800,187,125,False
2025-05-04,Casual Sneakers,37,247,Vendor_B,5,1800,187,0,False
2025-05-05,Casual Sneakers,29,218,Vendor_B,5,1800,187,0,False
2025-05-06,Casual Sneakers,30,188,Vendor_B,5,1800,187,0,False
2025-05-07,Casual Sneakers,32,313,Vendor_B,5,1800,187,157,False
2025-05-08,Casual Sneakers,26,287,Vendor_B,5,1800,187,0,False
2025-05-09,Casual Sneakers,25,262,Vendor_B,5,1800,187,0,False
2025-05-10,Casual Sneakers,37,225,Vendor_B,5,1800,187,0,False
2025-05-11,Casual Sneakers,37,188,Vendor_B,5,1800,187,0,False
2025-05-12,Casual Sneakers,46,326,Vendor_B,5,1800,187,184,True
2025-05-13,Casual Sneakers,23,303,Vendor_B,5,1800,187,0,False
2025-05-14,Casual Sneakers,29,274,Vendor_B,5,1800,187,0,False
2025-05-15,Casual Sneakers,23,251,Vendor_B,5,1800,187,0,False
2025-05-16,Casual Sneakers,28,223,Vendor_B,5,1800,187,0,False
2025-05-17,Casual Sneakers,34,189,Vendor_B,5,1800,187,0,False
2025-05-18,Casual Sneakers,39,326,Vendor_B,5,1800,187,176,False
2025-05-19,Casual Sneakers,23,303,Vendor_B,5,1800,187,0,False
2025-05-20,Casual Sneakers,28,275,Vendor_B,5,1800,187,0,False
2025-05-21,Casual Sneakers,45,230,Vendor_B,5,1800,187,0,True
2025-05-22,Casual Sneakers,26,204,Vendor_B,5,1800,187,0,False
2025-05-23,Casual Sneakers,28,299,Vendor_B,5,1800,187,123,False
2025-05-24,Casual Sneakers,34,265,Vendor_B,5,1800,187,0,False
2025-05-25,Casual Sneakers,36,229,Vendor_B,5,1800,187,0,False
2025-05-26,Casual Sneakers,29,200,Vendor_B,5,1800,187,0,False
2025-05-27,Casual Sneakers,43,349,Vendor_B,5,1800,187,192,True
2025-05-28,Casual Sneakers,44,305,Vendor_B,5,1800,187,0,True
2025-05-29,Casual Sneakers,21,284,Vendor_B,5,1800,187,0,False
2025-05-30,Casual Sneakers,22,262,Vendor_B,5,1800,187,0,False
2025-05-31,Casual Sneakers,35,227,Vendor_B,5,1800,187,0,False
2025-06-01,Casual Sneakers,32,195,Vendor_B,5,1800,187,0,False
2025-06-02,Casual Sneakers,27,413,Vendor_B,5,1800,187,245,False
2025-06-03,Casual Sneakers,31,382,Vendor_B,5,1800,187,0,False
2025-06-04,Casual Sneakers,32,350,Vendor_B,5,1800,187,0,False
2025-06-05,Casual Sneakers,27,323,Vendor_B,5,1800,187,0,False
2025-06-06,Casual Sneakers,24,299,Vendor_B,5,1800,187,0,False
2025-06-07,Casual Sneakers,33,266,Vendor_B,5,1800,187,0,False
2025-06-08,Casual Sneakers,41,225,Vendor_B,5,1800,187,0,False
2025-06-09,Casual Sneakers,30,195,Vendor_B,5,1800,187,0,False
2025-06-10,Casual Sneakers,27,328,Vendor_B,5,1800,187,160,False
2025-06-11,Casual Sneakers,28,300,Vendor_B,5,1800,187,0,False
2025-06-12,Casual Sneakers,27,273,Vendor_B,5,1800,187,0,False
2025-06-13,Casual Sneakers,29,244,Vendor_B,5,1800,187,0,False
2025-06-14,Casual Sneakers,36,208,Vendor_B,5,1800,187,0,False
2025-06-15,Casual Sneakers,39,414,Vendor_B,5,1800,187,245,False
2025-06-16,Casual Sneakers,30,384,Vendor_B,5,1800,187,0,False
2025-06-17,Casual Sneakers,25,359,Vendor_B,5,1800,187,0,False
2025-06-18,Casual Sneakers,46,313,Vendor_B,5,1800,187,0,True
2025-06-19,Casual Sneakers,32,281,Vendor_B,5,1800,187,0,False
2025-06-20,Casual Sneakers,29,252,Vendor_B,5,1800,187,0,False
2025-06-21,Casual Sneakers,38,214,Vendor_B,5,1800,187,0,False
2025-06-22,Casual Sneakers,34,399,Vendor_B,5,1800,187,219,False
2025-06-23,Casual Sneakers,26,373,Vendor_B,5,1800,187,0,False
2025-06-24,Casual Sneakers,28,345,Vendor_B,5,1800,187,0,False
2025-06-25,Casual Sneakers,26,319,Vendor_B,5,1800,187,0,False
2025-06-26,Casual Sneakers,31,288,Vendor_B,5,1800,187,0,False
2025-06-27,Casual Sneakers,45,243,Vendor_B,5,1800,187,0,True
2025-06-28,Casual Sneakers,35,208,Vendor_B,5,1800,187,0,False
2025-06-29,Casual Sneakers,40,327,Vendor_B,5,1800,187,159,False
2025-06-30,Casual Sneakers,25,302,Vendor_B,5,1800,187,0,False
2025-07-01,Casual Sneakers,28,274,Vendor_B,5,1800,187,0,False
2025-07-02,Casual Sneakers,27,247,Vendor_B,5,1800,187,0,False
2025-07-03,Casual Sneakers,35,212,Vendor_B,5,1800,187,0,False
2025-07-04,Casual Sneakers,28,428,Vendor_B,5,1800,187,244,False
2025-07-05,Casual Sneakers,34,394,Vendor_B,5,1800,187,0,False
2025-07-06,Casual Sneakers,37,357,Vendor_B,5,1800,187,0,False
2025-07-07,Casual Sneakers,45,312,Vendor_B,5,1800,187,0,True
2025-07-08,Casual Sneakers,26,286,Vendor_B,5,1800,187,0,False
2025-07-09,Casual Sneakers,31,255,Vendor_B,5,1800,187,0,False
2025-07-10,Casual Sneakers,30,225,Vendor_B,5,1800,187,0,False
2025-07-11,Casual Sneakers,29,196,Vendor_B,5,1800,187,0,False
2025-07-12,Casual Sneakers,35,286,Vendor_B,5,1800,187,125,False
2025-07-13,Casual Sneakers,65,221,Vendor_B,5,1800,187,0,True
2025-07-14,Casual Sneakers,30,191,Vendor_B,5,1800,187,0,False
2025-07-15,Casual Sneakers,27,305,Vendor_B,5,1800,187,141,False
2025-07-16,Casual Sneakers,32,273,Vendor_B,5,1800,187,0,False
2025-07-17,Casual Sneakers,29,244,Vendor_B,5,1800,187,0,False
2025-07-18,Casual Sneakers,31,213,Vendor_B,5,1800,187,0,False
2025-07-19,Casual Sneakers,39,345,Vendor_B,5,1800,187,171,False
2025-07-20,Casual Sneakers,44,301,Vendor_B,5,1800,187,0,False
2025-07-21,Casual Sneakers,26,275,Vendor_B,5,1800,187,0,False
2025-07-22,Casual Sneakers,27,248,Vendor_B,5,1800,187,0,False
2025-07-23,Casual Sneakers,38,210,Vendor_B,5,1800,187,0,False
2025-07-24,Casual Sneakers,28,420,Vendor_B,5,1800,187,238,False
2025-07-25,Casual Sneakers,25,395,Vendor_B,5,1800,187,0,False
2025-07-26,Casual Sneakers,39,356,Vendor_B,5,1800,187,0,False
2025-07-27,Casual Sneakers,64,292,Vendor_B,5,1800,187,0,True
2025-07-28,Casual Sneakers,28,264,Vendor_B,5,1800,187,0,False
2025-07-29,Casual Sneakers,23,241,Vendor_B,5,1800,187,0,False
2025-07-30,Casual Sneakers,26,215,Vendor_B,5,1800,187,0,False
2025-07-31,Casual Sneakers,24,191,Vendor_B,5,1800,187,0,False
2025-08-01,Casual Sneakers,35,285,Vendor_B,5,1800,187,129,False
2025-08-02,Casual Sneakers,33,252,Vendor_B,5,1800,187,0,False
2025-08-03,Casual Sneakers,36,216,Vendor_B,5,1800,187,0,False
2025-08-04,Casual Sneakers,31,319,Vendor_B,5,1800,187,134,False
2025-08-05,Casual Sneakers,25,294,Vendor_B,5,1800,187,0,False
2025-08-06,Casual Sneakers,30,264,Vendor_B,5,1800,187,0,False
2025-08-07,Casual Sneakers,27,237,Vendor_B,5,1800,187,0,False
2025-08-08,Casual Sneakers,30,207,Vendor_B,5,1800,187,0,False
2025-08-09,Casual Sneakers,37,405,Vendor_B,5,1800,187,235,False
2025-08-10,Casual Sneakers,37,368,Vendor_B,5,1800,187,0,False
2025-08-11,Casual Sneakers,32,336,Vendor_B,5,1800,187,0,False
2025-08-12,Casual Sneakers,26,310,Vendor_B,5,1800,187,0,False
2025-08-13,Casual Sneakers,30,280,Vendor_B,5,1800,187,0,False
2025-08-14,Casual Sneakers,32,248,Vendor_B,5,1800,187,0,False
2025-08-15,Casual Sneakers,25,223,Vendor_B,5,1800,187,0,False
2025-08-16,Casual Sneakers,33,190,Vendor_B,5,1800,187,0,False
2025-08-17,Casual Sneakers,60,374,Vendor_B,5,1800,187,244,True
2025-08-18,Casual Sneakers,23,351,Vendor_B,5,1800,187,0,False
2025-08-19,Casual Sneakers,30,321,Vendor_B,5,1800,187,0,False
2025-08-20,Casual Sneakers,31,290,Vendor_B,5,1800,187,0,False
2025-08-21,Casual Sneakers,25,265,Vendor_B,5,1800,187,0,False
2025-08-22,Casual Sneakers,32,233,Vendor_B,5,1800,187,0,False
2025-08-23,Casual Sneakers,42,191,Vendor_B,5,1800,187,0,False
2025-08-24,Casual Sneakers,39,386,Vendor_B,5,1800,187,234,False
2025-08-25,Casual Sneakers,33,353,Vendor_B,5,1800,187,0,False
2025-08-26,Casual Sneakers,28,325,Vendor_B,5,1800,187,0,False
2025-08-27,Casual Sneakers,46,279,Vendor_B,5,1800,187,0,True
2025-08-28,Casual Sneakers,29,250,Vendor_B,5,1800,187,0,False
2025-08-29,Casual Sneakers,26,224,Vendor_B,5,1800,187,0,False
2025-08-30,Casual Sneakers,37,362,Vendor_B,5,1800,187,175,False
2025-08-31,Casual Sneakers,38,324,Vendor_B,5,1800,187,0,False
2025-09-01,Casual Sneakers,30,294,Vendor_B,5,1800,187,0,False
2025-09-02,Casual Sneakers,31,263,Vendor_B,5,1800,187,0,False
2025-09-03,Casual Sneakers,23,240,Vendor_B,5,1800,187,0,False
2025-09-04,Casual Sneakers,38,202,Vendor_B,5,1800,187,0,False
2025-09-05,Casual Sneakers,27,341,Vendor_B,5,1800,187,166,False
2025-09-06,Casual Sneakers,41,300,Vendor_B,5,1800,187,0,False
2025-09-07,Casual Sneakers,39,261,Vendor_B,5,1800,187,0,False
2025-09-08,Casual Sneakers,28,233,Vendor_B,5,1800,187,0,False
2025-09-09,Casual Sneakers,31,202,Vendor_B,5,1800,187,0,False
2025-09-10,Casual Sneakers,27,365,Vendor_B,5,1800,187,190,False
2025-09-11,Casual Sneakers,30,335,Vendor_B,5,1800,187,0,False
2025-09-12,Casual Sneakers,36,299,Vendor_B,5,1800,187,0,False
2025-09-13,Casual Sneakers,37,262,Vendor_B,5,1800,187,0,False
2025-09-14,Casual Sneakers,39,223,Vendor_B,5,1800,187,0,False
2025-09-15,Casual Sneakers,27,196,Vendor_B,5,1800,187,0,False
2025-09-16,Casual Sneakers,32,323,Vendor_B,5,1800,187,159,False
2025-09-17,Casual Sneakers,28,295,Vendor_B,5,1800,187,0,False
2025-09-18,Casual Sneakers,31,264,Vendor_B,5,1800,187,0,False
2025-09-19,Casual Sneakers,33,231,Vendor_B,5,1800,187,0,False
2025-09-20,Casual Sneakers,38,193,Vendor_B,5,1800,187,0,False
2025-09-21,Casual Sneakers,41,311,Vendor_B,5,1800,187,159,False
2025-09-22,Casual Sneakers,31,280,Vendor_B,5,1800,187,0,False
2025-09-23,Casual Sneakers,33,247,Vendor_B,5,1800,187,0,False
2025-09-24,Casual Sneakers,32,215,Vendor_B,5,1800,187,0,False
2025-09-25,Casual Sneakers,34,389,Vendor_B,5,1800,187,208,False
2025-09-26,Casual Sneakers,29,360,Vendor_B,5,1800,187,0,False
2025-09-27,Casual Sneakers,35,325,Vendor_B,5,1800,187,0,False
2025-09-28,Casual Sneakers,34,291,Vendor_B,5,1800,187,0,False
2025-09-29,Casual Sneakers,25,266,Vendor_B,5,1800,187,0,False
2025-09-30,Casual Sneakers,29,237,Vendor_B,5,1800,187,0,False
2025-10-01,Casual Sneakers,43,194,Vendor_B,5,1800,187,0,False
2025-10-02,Casual Sneakers,40,300,Vendor_B,5,1800,187,146,False
2025-10-03,Casual Sneakers,36,264,Vendor_B,5,1800,187,0,False
2025-10-04,Casual Sneakers,53,211,Vendor_B,5,1800,187,0,False
2025-10-05,Casual Sneakers,54,337,Vendor_B,5,1800,187,180,False
2025-10-06,Casual Sneakers,42,295,Vendor_B,5,1800,187,0,False
2025-10-07,Casual Sneakers,47,248,Vendor_B,5,1800,187,0,False
2025-10-08,Casual Sneakers,37,211,Vendor_B,5,1800,187,0,False
2025-10-09,Casual Sneakers,45,287,Vendor_B,5,1800,187,121,False
2025-10-10,Casual Sneakers,44,243,Vendor_B,5,1800,187,0,False
2025-10-11,Casual Sneakers,55,188,Vendor_B,5,1800,187,0,False
2025-10-12,Casual Sneakers,57,361,Vendor_B,5,1800,187,230,False
2025-10-13,Casual Sneakers,68,293,Vendor_B,5,1800,187,0,True
2025-10-14,Casual Sneakers,44,249,Vendor_B,5,1800,187,0,False
2025-10-15,Casual Sneakers,40,209,Vendor_B,5,1800,187,0,False
2025-10-16,Casual Sneakers,40,390,Vendor_B,5,1800,187,221,False
2025-10-17,Casual Sneakers,37,353,Vendor_B,5,1800,187,0,False
2025-10-18,Casual Sneakers,57,296,Vendor_B,5,1800,187,0,False
2025-10-19,Casual Sneakers,54,242,Vendor_B,5,1800,187,0,False
2025-10-20,Casual Sneakers,38,204,Vendor_B,5,1800,187,0,False
2025-10-21,Casual Sneakers,40,284,Vendor_B,5,1800,187,120,False
2025-10-22,Casual Sneakers,45,239,Vendor_B,5,1800,187,0,False
2025-10-23,Casual Sneakers,43,196,Vendor_B,5,1800,187,0,False
2025-10-24,Casual Sneakers,40,401,Vendor_B,5,1800,187,245,False
2025-10-25,Casual Sneakers,60,341,Vendor_B,5,1800,187,0,False
2025-10-26,Casual Sneakers,56,285,Vendor_B,5,1800,187,0,False
2025-10-27,Casual Sneakers,71,214,Vendor_B,5,1800,187,0,True
2025-10-28,Casual Sneakers,44,309,Vendor_B,5,1800,187,139,False
2025-10-29,Casual Sneakers,42,267,Vendor_B,5,1800,187,0,False
2025-10-30,Casual Sneakers,44,223,Vendor_B,5,1800,187,0,False
2025-10-31,Casual Sneakers,47,301,Vendor_B,5,1800,187,125,False
2025-11-01,Casual Sneakers,55,246,Vendor_B,5,1800,187,0,False
2025-11-02,Casual Sneakers,59,362,Vendor_B,5,1800,187,175,False
2025-11-03,Casual Sneakers,41,321,Vendor_B,5,1800,187,0,False
2025-11-04,Casual Sneakers,49,272,Vendor_B,5,1800,187,0,False
2025-11-05,Casual Sneakers,41,231,Vendor_B,5,1800,187,0,False
2025-11-06,Casual Sneakers,50,375,Vendor_B,5,1800,187,194,False
2025-11-07,Casual Sneakers,40,335,Vendor_B,5,1800,187,0,False
2025-11-08,Casual Sneakers,56,279,Vendor_B,5,1800,187,0,False
2025-11-09,Casual Sneakers,58,221,Vendor_B,5,1800,187,0,False
2025-11-10,Casual Sneakers,74,281,Vendor_B,5,1800,187,134,True
2025-11-11,Casual Sneakers,48,233,Vendor_B,5,1800,187,0,False
2025-11-12,Casual Sneakers,48,374,Vendor_B,5,1800,187,189,False
2025-11-13,Casual Sneakers,39,335,Vendor_B,5,1800,187,0,False
2025-11-14,Casual Sneakers,45,290,Vendor_B,5,1800,187,0,False
2025-11-15,Casual Sneakers,55,235,Vendor_B,5,1800,187,0,False
2025-11-16,Casual Sneakers,60,338,Vendor_B,5,1800,187,163,False
2025-11-17,Casual Sneakers,47,291,Vendor_B,5,1800,187,0,False
2025-11-18,Casual Sneakers,45,246,Vendor_B,5,1800,187,0,False
2025-11-19,Casual Sneakers,42,204,Vendor_B,5,1800,187,0,False
2025-11-20,Casual Sneakers,40,344,Vendor_B,5,1800,187,180,False
2025-11-21,Casual Sneakers,42,302,Vendor_B,5,1800,187,0,False
2025-11-22,Casual Sneakers,89,213,Vendor_B,5,1800,187,0,True
2025-11-23,Casual Sneakers,57,294,Vendor_B,5,1800,187,138,False
2025-11-24,Casual Sneakers,47,247,Vendor_B,5,1800,187,0,False
2025-11-25,Casual Sneakers,44,203,Vendor_B,5,1800,187,0,False
2025-11-26,Casual Sneakers,40,362,Vendor_B,5,1800,187,199,False
2025-11-27,Casual Sneakers,40,322,Vendor_B,5,1800,187,0,False
2025-11-28,Casual Sneakers,46,276,Vendor_B,5,1800,187,0,False
2025-11-29,Casual Sneakers,63,213,Vendor_B,5,1800,187,0,False
2025-11-30,Casual Sneakers,58,378,Vendor_B,5,1800,187,223,False
2025-12-01,Casual Sneakers,42,336,Vendor_B,5,1800,187,0,False
2025-12-02,Casual Sneakers,41,295,Vendor_B,5,1800,187,0,False
2025-12-03,Casual Sneakers,46,249,Vendor_B,5,1800,187,0,False
2025-12-04,Casual Sneakers,49,200,Vendor_B,5,1800,187,0,False
2025-12-05,Casual Sneakers,43,298,Vendor_B,5,1800,187,141,False
2025-12-06,Casual Sneakers,56,242,Vendor_B,5,1800,187,0,False
2025-12-07,Casual Sneakers,53,189,Vendor_B,5,1800,187,0,False
2025-12-08,Casual Sneakers,45,310,Vendor_B,5,1800,187,166,False
2025-12-09,Casual Sneakers,47,263,Vendor_B,5,1800,187,0,False
2025-12-10,Casual Sneakers,42,221,Vendor_B,5,1800,187,0,False
2025-12-11,Casual Sneakers,45,303,Vendor_B,5,1800,187,127,False
2025-12-12,Casual Sneakers,46,257,Vendor_B,5,1800,187,0,False
2025-12-13,Casual Sneakers,60,197,Vendor_B,5,1800,187,0,False
2025-12-14,Casual Sneakers,90,260,Vendor_B,5,1800,187,153,True
2025-12-15,Casual Sneakers,42,218,Vendor_B,5,1800,187,0,False
2025-12-16,Casual Sneakers,45,326,Vendor_B,5,1800,187,153,False
2025-12-17,Casual Sneakers,47,279,Vendor_B,5,1800,187,0,False
2025-12-18,Casual Sneakers,51,228,Vendor_B,5,1800,187,0,False
2025-12-19,Casual Sneakers,41,317,Vendor_B,5,1800,187,130,False
2025-12-20,Casual Sneakers,59,258,Vendor_B,5,1800,187,0,False
2025-12-21,Casual Sneakers,58,200,Vendor_B,5,1800,187,0,False
2025-12-22,Casual Sneakers,43,397,Vendor_B,5,1800,187,240,False
2025-12-23,Casual Sneakers,48,349,Vendor_B,5,1800,187,0,False
2025-12-24,Casual Sneakers,46,303,Vendor_B,5,1800,187,0,False
2025-12-25,Casual Sneakers,47,256,Vendor_B,5,1800,187,0,False
2025-12-26,Casual Sneakers,41,215,Vendor_B,5,1800,187,0,False
2025-12-27,Casual Sneakers,57,310,Vendor_B,5,1800,187,152,False
2025-12-28,Casual Sneakers,59,251,Vendor_B,5,1800,187,0,False
2025-12-29,Casual Sneakers,45,206,Vendor_B,5,1800,187,0,False
2025-12-30,Casual Sneakers,52,290,Vendor_B,5,1800,187,136,False
2025-12-31,Casual Sneakers,44,246,Vendor_B,5,1800,187,0,False
2025-01-01,Formal Shoes,4,181,Vendor_B,5,2500,90,0,False
2025-01-02,Formal Shoes,12,169,Vendor_B,5,2500,90,0,False
2025-01-03,Formal Shoes,13,156,Vendor_B,5,2500,90,0,False
2025-01-04,Formal Shoes,15,141,Vendor_B,5,2500,90,0,False
2025-01-05,Formal Shoes,6,135,Vendor_B,5,2500,90,0,False
2025-01-06,Formal Shoes,12,123,Vendor_B,5,2500,90,0,False
2025-01-07,Formal Shoes,13,110,Vendor_B,5,2500,90,0,False
2025-01-08,Formal Shoes,8,102,Vendor_B,5,2500,90,0,False
2025-01-09,Formal Shoes,10,92,Vendor_B,5,2500,90,0,False
2025-01-10,Formal Shoes,11,232,Vendor_B,5,2500,90,151,False
2025-01-11,Formal Shoes,23,209,Vendor_B,5,2500,90,0,True
2025-01-12,Formal Shoes,14,195,Vendor_B,5,2500,90,0,False
2025-01-13,Formal Shoes,13,182,Vendor_B,5,2500,90,0,False
2025-01-14,Formal Shoes,17,165,Vendor_B,5,2500,90,0,True
2025-01-15,Formal Shoes,7,158,Vendor_B,5,2500,90,0,False
2025-01-16,Formal Shoes,14,144,Vendor_B,5,2500,90,0,False
2025-01-17,Formal Shoes,9,135,Vendor_B,5,2500,90,0,False
2025-01-18,Formal Shoes,15,120,Vendor_B,5,2500,90,0,False
2025-01-19,Formal Shoes,14,106,Vendor_B,5,2500,90,0,False
2025-01-20,Formal Shoes,8,98,Vendor_B,5,2500,90,0,False
2025-01-21,Formal Shoes,14,224,Vendor_B,5,2500,90,140,False
2025-01-22,Formal Shoes,21,203,Vendor_B,5,2500,90,0,True
2025-01-23,Formal Shoes,11,192,Vendor_B,5,2500,90,0,False
2025-01-24,Formal Shoes,12,180,Vendor_B,5,2500,90,0,False
2025-01-25,Formal Shoes,16,164,Vendor_B,5,2500,90,0,False
2025-01-26,Formal Shoes,12,152,Vendor_B,5,2500,90,0,False
2025-01-27,Formal Shoes,16,136,Vendor_B,5,2500,90,0,True
2025-01-28,Formal Shoes,12,124,Vendor_B,5,2500,90,0,False
2025-01-29,Formal Shoes,8,116,Vendor_B,5,2500,90,0,False
2025-01-30,Formal Shoes,12,104,Vendor_B,5,2500,90,0,False
2025-01-31,Formal Shoes,5,99,Vendor_B,5,2500,90,0,False
2025-02-01,Formal Shoes,14,292,Vendor_B,5,2500,90,207,False
2025-02-02,Formal Shoes,16,276,Vendor_B,5,2500,90,0,False
2025-02-03,Formal Shoes,12,264,Vendor_B,5,2500,90,0,False
2025-02-04,Formal Shoes,15,249,Vendor_B,5,2500,90,0,False
2025-02-05,Formal Shoes,8,241,Vendor_B,5,2500,90,0,False
2025-02-06,Formal Shoes,12,229,Vendor_B,5,2500,90,0,False
2025-02-07,Formal Shoes,15,214,Vendor_B,5,2500,90,0,False
2025-02-08,Formal Shoes,16,198,Vendor_B,5,2500,90,0,False
2025-02-09,Formal Shoes,18,180,Vendor_B,5,2500,90,0,False
2025-02-10,Formal Shoes,16,164,Vendor_B,5,2500,90,0,True
2025-02-11,Formal Shoes,12,152,Vendor_B,5,2500,90,0,False
2025-02-12,Formal Shoes,11,141,Vendor_B,5,2500,90,0,False
2025-02-13,Formal Shoes,12,129,Vendor_B,5,2500,90,0,False
2025-02-14,Formal Shoes,10,119,Vendor_B,5,2500,90,0,False
2025-02-15,Formal Shoes,20,99,Vendor_B,5,2500,90,0,False
2025-02-16,Formal Shoes,18,324,Vendor_B,5,2500,90,243,False
2025-02-17,Formal Shoes,15,309,Vendor_B,5,2500,90,0,False
2025-02-18,Formal Shoes,13,296,Vendor_B,5,2500,90,0,False
2025-02-19,Formal Shoes,10,286,Vendor_B,5,2500,90,0,False
2025-02-20,Formal Shoes,14,272,Vendor_B,5,2500,90,0,False
2025-02-21,Formal Shoes,16,256,Vendor_B,5,2500,90,0,False
2025-02-22,Formal Shoes,17,239,Vendor_B,5,2500,90,0,False
2025-02-23,Formal Shoes,13,226,Vendor_B,5,2500,90,0,False
2025-02-24,Formal Shoes,10,216,Vendor_B,5,2500,90,0,False
2025-02-25,Formal Shoes,12,204,Vendor_B,5,2500,90,0,False
2025-02-26,Formal Shoes,16,188,Vendor_B,5,2500,90,0,False
2025-02-27,Formal Shoes,17,171,Vendor_B,5,2500,90,0,False
2025-02-28,Formal Shoes,10,161,Vendor_B,5,2500,90,0,False
2025-03-01,Formal Shoes,17,144,Vendor_B,5,2500,90,0,False
2025-03-02,Formal Shoes,14,130,Vendor_B,5,2500,90,0,False
2025-03-03,Formal Shoes,8,122,Vendor_B,5,2500,90,0,False
2025-03-04,Formal Shoes,14,108,Vendor_B,5,2500,90,0,False
2025-03-05,Formal Shoes,13,95,Vendor_B,5,2500,90,0,False
2025-03-06,Formal Shoes,13,282,Vendor_B,5,2500,90,200,False
2025-03-07,Formal Shoes,12,270,Vendor_B,5,2500,90,0,False
2025-03-08,Formal Shoes,17,253,Vendor_B,5,2500,90,0,False
2025-03-09,Formal Shoes,17,236,Vendor_B,5,2500,90,0,False
2025-03-10,Formal Shoes,15,221,Vendor_B,5,2500,90,0,False
2025-03-11,Formal Shoes,10,211,Vendor_B,5,2500,90,0,False
2025-03-12,Formal Shoes,15,196,Vendor_B,5,2500,90,0,False
2025-03-13,Formal Shoes,14,182,Vendor_B,5,2500,90,0,False
2025-03-14,Formal Shoes,13,169,Vendor_B,5,2500,90,0,False
2025-03-15,Formal Shoes,16,153,Vendor_B,5,2500,90,0,False
2025-03-16,Formal Shoes,26,127,Vendor_B,5,2500,90,0,True
2025-03-17,Formal Shoes,12,115,Vendor_B,5,2500,90,0,False
2025-03-18,Formal Shoes,12,103,Vendor_B,5,2500,90,0,False
2025-03-19,Formal Shoes,8,95,Vendor_B,5,2500,90,0,False
2025-03-20,Formal Shoes,19,305,Vendor_B,5,2500,90,229,False
2025-03-21,Formal Shoes,16,289,Vendor_B,5,2500,90,0,False
2025-03-22,Formal Shoes,22,267,Vendor_B,5,2500,90,0,False
2025-03-23,Formal Shoes,18,249,Vendor_B,5,2500,90,0,False
2025-03-24,Formal Shoes,10,239,Vendor_B,5,2500,90,0,False
2025-03-25,Formal Shoes,14,225,Vendor_B,5,2500,90,0,False
2025-03-26,Formal Shoes,23,202,Vendor_B,5,2500,90,0,True
2025-03-27,Formal Shoes,10,192,Vendor_B,5,2500,90,0,False
2025-03-28,Formal Shoes,16,176,Vendor_B,5,2500,90,0,False
2025-03-29,Formal Shoes,15,161,Vendor_B,5,2500,90,0,False
2025-03-30,Formal Shoes,18,143,Vendor_B,5,2500,90,0,False
2025-03-31,Formal Shoes,17,126,Vendor_B,5,2500,90,0,False
2025-04-01,Formal Shoes,13,113,Vendor_B,5,2500,90,0,False
2025-04-02,Formal Shoes,25,236,Vendor_B,5,2500,90,148,True
2025-04-03,Formal Shoes,8,228,Vendor_B,5,2500,90,0,False
2025-04-04,Formal Shoes,9,219,Vendor_B,5,2500,90,0,False
2025-04-05,Formal Shoes,14,205,Vendor_B,5,2500,90,0,False
2025-04-06,Formal Shoes,10,195,Vendor_B,5,2500,90,0,False
2025-04-07,Formal Shoes,7,188,Vendor_B,5,2500,90,0,False
2025-04-08,Formal Shoes,17,171,Vendor_B,5,2500,90,0,False
2025-04-09,Formal Shoes,16,155,Vendor_B,5,2500,90,0,False
2025-04-10,Formal Shoes,11,144,Vendor_B,5,2500,90,0,False
2025-04-11,Formal Shoes,19,125,Vendor_B,5,2500,90,0,False
2025-04-12,Formal Shoes,26,99,Vendor_B,5,2500,90,0,True
2025-04-13,Formal Shoes,22,242,Vendor_B,5,2500,90,165,False
2025-04-14,Formal Shoes,18,224,Vendor_B,5,2500,90,0,False
2025-04-15,Formal Shoes,11,213,Vendor_B,5,2500,90,0,False
2025-04-16,Formal Shoes,15,198,Vendor_B,5,2500,90,0,False
2025-04-17,Formal Shoes,16,182,Vendor_B,5,2500,90,0,False
2025-04-18,Formal Shoes,11,171,Vendor_B,5,2500,90,0,False
2025-04-19,Formal Shoes,8,163,Vendor_B,5,2500,90,0,False
2025-04-20,Formal Shoes,19,144,Vendor_B,5,2500,90,0,False
2025-04-21,Formal Shoes,10,134,Vendor_B,5,2500,90,0,False
2025-04-22,Formal Shoes,12,122,Vendor_B,5,2500,90,0,False
2025-04-23,Formal Shoes,13,109,Vendor_B,5,2500,90,0,False
2025-04-24,Formal Shoes,14,95,Vendor_B,5,2500,90,0,False
2025-04-25,Formal Shoes,12,320,Vendor_B,5,2500,90,237,False
2025-04-26,Formal Shoes,17,303,Vendor_B,5,2500,90,0,False
2025-04-27,Formal Shoes,20,283,Vendor_B,5,2500,90,0,False
2025-04-28,Formal Shoes,7,276,Vendor_B,5,2500,90,0,False
2025-04-29,Formal Shoes,8,268,Vendor_B,5,2500,90,0,False
2025-04-30,Formal Shoes,17,251,Vendor_B,5,2500,90,0,True
2025-05-01,Formal Shoes,19,232,Vendor_B,5,2500,90,0,True
2025-05-02,Formal Shoes,15,217,Vendor_B,5,2500,90,0,False
2025-05-03,Formal Shoes,20,197,Vendor_B,5,2500,90,0,False
2025-05-04,Formal Shoes,16,181,Vendor_B,5,2500,90,0,False
2025-05-05,Formal Shoes,12,169,Vendor_B,5,2500,90,0,False
2025-05-06,Formal Shoes,17,152,Vendor_B,5,2500,90,0,False
2025-05-07,Formal Shoes,13,139,Vendor_B,5,2500,90,0,False
2025-05-08,Formal Shoes,12,127,Vendor_B,5,2500,90,0,False
2025-05-09,Formal Shoes,15,112,Vendor_B,5,2500,90,0,False
2025-05-10,Formal Shoes,19,93,Vendor_B,5,2500,90,0,False
2025-05-11,Formal Shoes,18,229,Vendor_B,5,2500,90,154,False
2025-05-12,Formal Shoes,11,218,Vendor_B,5,2500,90,0,False
2025-05-13,Formal Shoes,10,208,Vendor_B,5,2500,90,0,False
2025-05-14,Formal Shoes,10,198,Vendor_B,5,2500,90,0,False
2025-05-15,Formal Shoes,10,188,Vendor_B,5,2500,90,0,False
2025-05-16,Formal Shoes,10,178,Vendor_B,5,2500,90,0,False
2025-05-17,Formal Shoes,15,163,Vendor_B,5,2500,90,0,False
2025-05-18,Formal Shoes,27,136,Vendor_B,5,2500,90,0,True
2025-05-19,Formal Shoes,13,123,Vendor_B,5,2500,90,0,False
2025-05-20,Formal Shoes,9,114,Vendor_B,5,2500,90,0,False
2025-05-21,Formal Shoes,14,100,Vendor_B,5,2500,90,0,False
2025-05-22,Formal Shoes,13,309,Vendor_B,5,2500,90,222,False
2025-05-23,Formal Shoes,13,296,Vendor_B,5,2500,90,0,False
2025-05-24,Formal Shoes,15,281,Vendor_B,5,2500,90,0,False
2025-05-25,Formal Shoes,14,267,Vendor_B,5,2500,90,0,False
2025-05-26,Formal Shoes,15,252,Vendor_B,5,2500,90,0,False
2025-05-27,Formal Shoes,13,239,Vendor_B,5,2500,90,0,False
2025-05-28,Formal Shoes,14,225,Vendor_B,5,2500,90,0,False
2025-05-29,Formal Shoes,12,213,Vendor_B,5,2500,90,0,False
2025-05-30,Formal Shoes,11,202,Vendor_B,5,2500,90,0,False
2025-05-31,Formal Shoes,20,182,Vendor_B,5,2500,90,0,False
2025-06-01,Formal Shoes,25,157,Vendor_B,5,2500,90,0,False
2025-06-02,Formal Shoes,12,145,Vendor_B,5,2500,90,0,False
2025-06-03,Formal Shoes,13,132,Vendor_B,5,2500,90,0,False
2025-06-04,Formal Shoes,13,119,Vendor_B,5,2500,90,0,False
2025-06-05,Formal Shoes,11,108,Vendor_B,5,2500,90,0,False
2025-06-06,Formal Shoes,12,96,Vendor_B,5,2500,90,0,False
2025-06-07,Formal Shoes,23,319,Vendor_B,5,2500,90,246,False
2025-06-08,Formal Shoes,15,304,Vendor_B,5,2500,90,0,False
2025-06-09,Formal Shoes,13,291,Vendor_B,5,2500,90,0,False
2025-06-10,Formal Shoes,11,280,Vendor_B,5,2500,90,0,False
2025-06-11,Formal Shoes,13,267,Vendor_B,5,2500,90,0,False
2025-06-12,Formal Shoes,11,256,Vendor_B,5,2500,90,0,False
2025-06-13,Formal Shoes,12,244,Vendor_B,5,2500,90,0,False
2025-06-14,Formal Shoes,13,231,Vendor_B,5,2500,90,0,False
2025-06-15,Formal Shoes,18,213,Vendor_B,5,2500,90,0,False
2025-06-16,Formal Shoes,12,201,Vendor_B,5,2500,90,0,False
2025-06-17,Formal Shoes,15,186,Vendor_B,5,2500,90,0,False
2025-06-18,Formal Shoes,13,173,Vendor_B,5,2500,90,0,False
2025-06-19,Formal Shoes,11,162,Vendor_B,5,2500,90,0,False
2025-06-20,Formal Shoes,10,152,Vendor_B,5,2500,90,0,False
2025-06-21,Formal Shoes,17,135,Vendor_B,5,2500,90,0,False
2025-06-22,Formal Shoes,21,114,Vendor_B,5,2500,90,0,False
2025-06-23,Formal Shoes,12,102,Vendor_B,5,2500,90,0,False
2025-06-24,Formal Shoes,8,94,Vendor_B,5,2500,90,0,False
2025-06-25,Formal Shoes,14,241,Vendor_B,5,2500,90,161,False
2025-06-26,Formal Shoes,17,224,Vendor_B,5,2500,90,0,False
2025-06-27,Formal Shoes,15,209,Vendor_B,5,2500,90,0,False
2025-06-28,Formal Shoes,14,195,Vendor_B,5,2500,90,0,False
2025-06-29,Formal Shoes,18,177,Vendor_B,5,2500,90,0,False
2025-06-30,Formal Shoes,16,161,Vendor_B,5,2500,90,0,False
2025-07-01,Formal Shoes,12,149,Vendor_B,5,2500,90,0,False
2025-07-02,Formal Shoes,12,137,Vendor_B,5,2500,90,0,False
2025-07-03,Formal Shoes,12,125,Vendor_B,5,2500,90,0,False
2025-07-04,Formal Shoes,13,112,Vendor_B,5,2500,90,0,False
2025-07-05,Formal Shoes,14,98,Vendor_B,5,2500,90,0,False
2025-07-06,Formal Shoes,18,258,Vendor_B,5,2500,90,178,False
2025-07-07,Formal Shoes,14,244,Vendor_B,5,2500,90,0,False
2025-07-08,Formal Shoes,14,230,Vendor_B,5,2500,90,0,False
2025-07-09,Formal Shoes,13,217,Vendor_B,5,2500,90,0,False
2025-07-10,Formal Shoes,10,207,Vendor_B,5,2500,90,0,False
2025-07-11,Formal Shoes,21,186,Vendor_B,5,2500,90,0,True
2025-07-12,Formal Shoes,23,163,Vendor_B,5,2500,90,0,False
2025-07-13,Formal Shoes,18,145,Vendor_B,5,2500,90,0,False
2025-07-14,Formal Shoes,19,126,Vendor_B,5,2500,90,0,True
2025-07-15,Formal Shoes,15,111,Vendor_B,5,2500,90,0,False
2025-07-16,Formal Shoes,19,92,Vendor_B,5,2500,90,0,False
2025-07-17,Formal Shoes,14,266,Vendor_B,5,2500,90,188,False
2025-07-18,Formal Shoes,13,253,Vendor_B,5,2500,90,0,False
2025-07-19,Formal Shoes,22,231,Vendor_B,5,2500,90,0,False
2025-07-20,Formal Shoes,16,215,Vendor_B,5,2500,90,0,False
2025-07-21,Formal Shoes,16,199,Vendor_B,5,2500,90,0,False
2025-07-22,Formal Shoes,12,187,Vendor_B,5,2500,90,0,False
2025-07-23,Formal Shoes,12,175,Vendor_B,5,2500,90,0,False
2025-07-24,Formal Shoes,16,159,Vendor_B,5,2500,90,0,False
2025-07-25,Formal Shoes,17,142,Vendor_B,5,2500,90,0,False
2025-07-26,Formal Shoes,17,125,Vendor_B,5,2500,90,0,False
2025-07-27,Formal Shoes,21,104,Vendor_B,5,2500,90,0,False
2025-07-28,Formal Shoes,15,281,Vendor_B,5,2500,90,192,False
2025-07-29,Formal Shoes,11,270,Vendor_B,5,2500,90,0,False
2025-07-30,Formal Shoes,12,258,Vendor_B,5,2500,90,0,False
2025-07-31,Formal Shoes,15,243,Vendor_B,5,2500,90,0,False
2025-08-01,Formal Shoes,18,225,Vendor_B,5,2500,90,0,False
2025-08-02,Formal Shoes,21,204,Vendor_B,5,2500,90,0,False
2025-08-03,Formal Shoes,21,183,Vendor_B,5,2500,90,0,False
2025-08-04,Formal Shoes,10,173,Vendor_B,5,2500,90,0,False
2025-08-05,Formal Shoes,16,157,Vendor_B,5,2500,90,0,False
2025-08-06,Formal Shoes,16,141,Vendor_B,5,2500,90,0,False
2025-08-07,Formal Shoes,14,127,Vendor_B,5,2500,90,0,False
2025-08-08,Formal Shoes,16,111,Vendor_B,5,2500,90,0,False
2025-08-09,Formal Shoes,13,98,Vendor_B,5,2500,90,0,False
2025-08-10,Formal Shoes,11,227,Vendor_B,5,2500,90,140,False
2025-08-11,Formal Shoes,14,213,Vendor_B,5,2500,90,0,False
2025-08-12,Formal Shoes,14,199,Vendor_B,5,2500,90,0,False
2025-08-13,Formal Shoes,13,186,Vendor_B,5,2500,90,0,False
2025-08-14,Formal Shoes,15,171,Vendor_B,5,2500,90,0,False
2025-08-15,Formal Shoes,14,157,Vendor_B,5,2500,90,0,False
2025-08-16,Formal Shoes,19,138,Vendor_B,5,2500,90,0,False
2025-08-17,Formal Shoes,32,106,Vendor_B,5,2500,90,0,True
2025-08-18,Formal Shoes,12,94,Vendor_B,5,2500,90,0,False
2025-08-19,Formal Shoes,15,217,Vendor_B,5,2500,90,138,False
2025-08-20,Formal Shoes,12,205,Vendor_B,5,2500,90,0,False
2025-08-21,Formal Shoes,8,197,Vendor_B,5,2500,90,0,False
2025-08-22,Formal Shoes,13,184,Vendor_B,5,2500,90,0,False
2025-08-23,Formal Shoes,21,163,Vendor_B,5,2500,90,0,False
2025-08-24,Formal Shoes,27,136,Vendor_B,5,2500,90,0,True
2025-08-25,Formal Shoes,15,121,Vendor_B,5,2500,90,0,False
2025-08-26,Formal Shoes,17,104,Vendor_B,5,2500,90,0,False
2025-08-27,Formal Shoes,16,266,Vendor_B,5,2500,90,178,False
2025-08-28,Formal Shoes,21,245,Vendor_B,5,2500,90,0,True
2025-08-29,Formal Shoes,12,233,Vendor_B,5,2500,90,0,False
2025-08-30,Formal Shoes,18,215,Vendor_B,5,2500,90,0,False
2025-08-31,Formal Shoes,19,196,Vendor_B,5,2500,90,0,False
2025-09-01,Formal Shoes,16,180,Vendor_B,5,2500,90,0,False
2025-09-02,Formal Shoes,16,164,Vendor_B,5,2500,90,0,False
2025-09-03,Formal Shoes,22,142,Vendor_B,5,2500,90,0,False
2025-09-04,Formal Shoes,18,124,Vendor_B,5,2500,90,0,False
2025-09-05,Formal Shoes,13,111,Vendor_B,5,2500,90,0,False
2025-09-06,Formal Shoes,25,240,Vendor_B,5,2500,90,154,False
2025-09-07,Formal Shoes,15,225,Vendor_B,5,2500,90,0,False
2025-09-08,Formal Shoes,11,214,Vendor_B,5,2500,90,0,False
2025-09-09,Formal Shoes,16,198,Vendor_B,5,2500,90,0,False
2025-09-10,Formal Shoes,13,185,Vendor_B,5,2500,90,0,False
2025-09-11,Formal Shoes,7,178,Vendor_B,5,2500,90,0,False
2025-09-12,Formal Shoes,18,160,Vendor_B,5,2500,90,0,False
2025-09-13,Formal Shoes,20,140,Vendor_B,5,2500,90,0,False
2025-09-14,Formal Shoes,18,122,Vendor_B,5,2500,90,0,False
2025-09-15,Formal Shoes,13,109,Vendor_B,5,2500,90,0,False
2025-09-16,Formal Shoes,13,96,Vendor_B,5,2500,90,0,False
2025-09-17,Formal Shoes,8,324,Vendor_B,5,2500,90,236,False
2025-09-18,Formal Shoes,11,313,Vendor_B,5,2500,90,0,False
2025-09-19,Formal Shoes,12,301,Vendor_B,5,2500,90,0,False
2025-09-20,Formal Shoes,33,268,Vendor_B,5,2500,90,0,True
2025-09-21,Formal Shoes,17,251,Vendor_B,5,2500,90,0,False
2025-09-22,Formal Shoes,15,236,Vendor_B,5,2500,90,0,False
2025-09-23,Formal Shoes,14,222,Vendor_B,5,2500,90,0,False
2025-09-24,Formal Shoes,11,211,Vendor_B,5,2500,90,0,False
2025-09-25,Formal Shoes,15,196,Vendor_B,5,2500,90,0,False
2025-09-26,Formal Shoes,14,182,Vendor_B,5,2500,90,0,False
2025-09-27,Formal Shoes,22,160,Vendor_B,5,2500,90,0,False
2025-09-28,Formal Shoes,17,143,Vendor_B,5,2500,90,0,False
2025-09-29,Formal Shoes,12,131,Vendor_B,5,2500,90,0,False
2025-09-30,Formal Shoes,17,114,Vendor_B,5,2500,90,0,False
2025-10-01,Formal Shoes,20,94,Vendor_B,5,2500,90,0,False
2025-10-02,Formal Shoes,23,257,Vendor_B,5,2500,90,186,False
2025-10-03,Formal Shoes,18,239,Vendor_B,5,2500,90,0,False
2025-10-04,Formal Shoes,27,212,Vendor_B,5,2500,90,0,False
2025-10-05,Formal Shoes,24,188,Vendor_B,5,2500,90,0,False
2025-10-06,Formal Shoes,18,170,Vendor_B,5,2500,90,0,False
2025-10-07,Formal Shoes,14,156,Vendor_B,5,2500,90,0,False
2025-10-08,Formal Shoes,25,131,Vendor_B,5,2500,90,0,False
2025-10-09,Formal Shoes,31,100,Vendor_B,5,2500,90,0,True
2025-10-10,Formal Shoes,22,247,Vendor_B,5,2500,90,169,False
2025-10-11,Formal Shoes,26,221,Vendor_B,5,2500,90,0,False
2025-10-12,Formal Shoes,30,191,Vendor_B,5,2500,90,0,False
2025-10-13,Formal Shoes,27,164,Vendor_B,5,2500,90,0,True
2025-10-14,Formal Shoes,21,143,Vendor_B,5,2500,90,0,False
2025-10-15,Formal Shoes,23,120,Vendor_B,5,2500,90,0,False
2025-10-16,Formal Shoes,20,100,Vendor_B,5,2500,90,0,False
2025-10-17,Formal Shoes,18,327,Vendor_B,5,2500,90,245,False
2025-10-18,Formal Shoes,38,289,Vendor_B,5,2500,90,0,True
2025-10-19,Formal Shoes,25,264,Vendor_B,5,2500,90,0,False
2025-10-20,Formal Shoes,14,250,Vendor_B,5,2500,90,0,False
2025-10-21,Formal Shoes,23,227,Vendor_B,5,2500,90,0,False
2025-10-22,Formal Shoes,22,205,Vendor_B,5,2500,90,0,False
2025-10-23,Formal Shoes,23,182,Vendor_B,5,2500,90,0,False
2025-10-24,Formal Shoes,18,164,Vendor_B,5,2500,90,0,False
2025-10-25,Formal Shoes,23,141,Vendor_B,5,2500,90,0,False
2025-10-26,Formal Shoes,28,113,Vendor_B,5,2500,90,0,False
2025-10-27,Formal Shoes,22,91,Vendor_B,5,2500,90,0,False
2025-10-28,Formal Shoes,15,261,Vendor_B,5,2500,90,185,False
2025-10-29,Formal Shoes,18,243,Vendor_B,5,2500,90,0,False
2025-10-30,Formal Shoes,25,218,Vendor_B,5,2500,90,0,False
2025-10-31,Formal Shoes,23,195,Vendor_B,5,2500,90,0,False
2025-11-01,Formal Shoes,26,169,Vendor_B,5,2500,90,0,False
2025-11-02,Formal Shoes,23,146,Vendor_B,5,2500,90,0,False
2025-11-03,Formal Shoes,18,128,Vendor_B,5,2500,90,0,False
2025-11-04,Formal Shoes,32,96,Vendor_B,5,2500,90,0,True
2025-11-05,Formal Shoes,16,329,Vendor_B,5,2500,90,249,False
2025-11-06,Formal Shoes,37,292,Vendor_B,5,2500,90,0,True
2025-11-07,Formal Shoes,24,268,Vendor_B,5,2500,90,0,False
2025-11-08,Formal Shoes,23,245,Vendor_B,5,2500,90,0,False
2025-11-09,Formal Shoes,33,212,Vendor_B,5,2500,90,0,False
2025-11-10,Formal Shoes,19,193,Vendor_B,5,2500,90,0,False
2025-11-11,Formal Shoes,21,172,Vendor_B,5,2500,90,0,False
2025-11-12,Formal Shoes,19,153,Vendor_B,5,2500,90,0,False
2025-11-13,Formal Shoes,17,136,Vendor_B,5,2500,90,0,False
2025-11-14,Formal Shoes,32,104,Vendor_B,5,2500,90,0,True
2025-11-15,Formal Shoes,22,235,Vendor_B,5,2500,90,153,False
2025-11-16,Formal Shoes,26,209,Vendor_B,5,2500,90,0,False
2025-11-17,Formal Shoes,20,189,Vendor_B,5,2500,90,0,False
2025-11-18,Formal Shoes,21,168,Vendor_B,5,2500,90,0,False
2025-11-19,Formal Shoes,16,152,Vendor_B,5,2500,90,0,False
2025-11-20,Formal Shoes,16,136,Vendor_B,5,2500,90,0,False
2025-11-21,Formal Shoes,21,115,Vendor_B,5,2500,90,0,False
2025-11-22,Formal Shoes,24,91,Vendor_B,5,2500,90,0,False
2025-11-23,Formal Shoes,27,191,Vendor_B,5,2500,90,127,False
2025-11-24,Formal Shoes,24,167,Vendor_B,5,2500,90,0,False
2025-11-25,Formal Shoes,17,150,Vendor_B,5,2500,90,0,False
2025-11-26,Formal Shoes,18,132,Vendor_B,5,2500,90,0,False
2025-11-27,Formal Shoes,24,108,Vendor_B,5,2500,90,0,False
2025-11-28,Formal Shoes,15,93,Vendor_B,5,2500,90,0,False
2025-11-29,Formal Shoes,27,284,Vendor_B,5,2500,90,218,False
2025-11-30,Formal Shoes,34,250,Vendor_B,5,2500,90,0,False
2025-12-01,Formal Shoes,22,228,Vendor_B,5,2500,90,0,False
2025-12-02,Formal Shoes,24,204,Vendor_B,5,2500,90,0,False
2025-12-03,Formal Shoes,20,184,Vendor_B,5,2500,90,0,False
2025-12-04,Formal Shoes,30,154,Vendor_B,5,2500,90,0,True
2025-12-05,Formal Shoes,16,138,Vendor_B,5,2500,90,0,False
2025-12-06,Formal Shoes,28,110,Vendor_B,5,2500,90,0,False
2025-12-07,Formal Shoes,28,215,Vendor_B,5,2500,90,133,False
2025-12-08,Formal Shoes,26,189,Vendor_B,5,2500,90,0,False
2025-12-09,Formal Shoes,20,169,Vendor_B,5,2500,90,0,False
2025-12-10,Formal Shoes,22,147,Vendor_B,5,2500,90,0,False
2025-12-11,Formal Shoes,21,126,Vendor_B,5,2500,90,0,False
2025-12-12,Formal Shoes,18,108,Vendor_B,5,2500,90,0,False
2025-12-13,Formal Shoes,28,298,Vendor_B,5,2500,90,218,False
2025-12-14,Formal Shoes,31,267,Vendor_B,5,2500,90,0,False
2025-12-15,Formal Shoes,23,244,Vendor_B,5,2500,90,0,False
2025-12-16,Formal Shoes,19,225,Vendor_B,5,2500,90,0,False
2025-12-17,Formal Shoes,29,196,Vendor_B,5,2500,90,0,False
2025-12-18,Formal Shoes,20,176,Vendor_B,5,2500,90,0,False
2025-12-19,Formal Shoes,25,151,Vendor_B,5,2500,90,0,False
2025-12-20,Formal Shoes,27,124,Vendor_B,5,2500,90,0,False
2025-12-21,Formal Shoes,31,93,Vendor_B,5,2500,90,0,False
2025-12-22,Formal Shoes,21,197,Vendor_B,5,2500,90,125,False
2025-12-23,Formal Shoes,34,163,Vendor_B,5,2500,90,0,True
2025-12-24,Formal Shoes,24,139,Vendor_B,5,2500,90,0,False
2025-12-25,Formal Shoes,27,112,Vendor_B,5,2500,90,0,False
2025-12-26,Formal Shoes,21,91,Vendor_B,5,2500,90,0,False
2025-12-27,Formal Shoes,27,285,Vendor_B,5,2500,90,221,False
2025-12-28,Formal Shoes,26,259,Vendor_B,5,2500,90,0,False
2025-12-29,Formal Shoes,19,240,Vendor_B,5,2500,90,0,False
2025-12-30,Formal Shoes,19,221,Vendor_B,5,2500,90,0,False
2025-12-31,Formal Shoes,33,188,Vendor_B,5,2500,90,0,True
